Workbook

Sheet BD
L1: Dirección de Administración
L2: Subdirección de Recursos Materiales
L3: Departamento de Control Patrimonial
L4: ENVIO: FECHA
A5: CONCAT | B5: NP | C5: TOTAL | D5: CLAVE | E5: DISTRITO | F5: LOCALIDAD | G5: ARTICULO | H5: MARCA | I5: INVENTARIO 1 | J5: INVENTARIO M | K5: VALIDADOR | L5: OBSERVACIONES | M5: DIA | N5: RUTA | O5: H. EMBARQUE | P5: H. LLEGADA
A6: =D6&N6 -> 600125 | B6: 1 | C6: 13 | D6: 6001 | E6: Chalco de Diaz Covarrubias | F6: NA | G6: BAFLE | H6: STEREN | I6: IBAF00100183 | J6: IBAF00100183 | K6: 12 | L6: Incluye: Cable de Alimentación, | M6: =VLOOKUP(D6,HORARIOS!B:H,7,0) -> Dia 5 | N6: =VLOOKUP(D6,HORARIOS!B:I,8,0) -> 25 | O6: =VLOOKUP(A6,HORARIOS!A:D,4,0) -> 08:00 hrs | P6: =VLOOKUP(A6,HORARIOS!A:E,5,0) -> 12:00 hrs
A7: =D7&N7 -> 600125 | B7: 2 | C7: 13 | D7: 6001 | E7: Chalco de Diaz Covarrubias | F7: NA | G7: BOTIQUIN | H7: SN | I7: ibot00100106 | J7: IBOT00100106 | K7: 12 | M7: =VLOOKUP(D7,HORARIOS!B:H,7,0) -> Dia 5 | N7: =VLOOKUP(D7,HORARIOS!B:I,8,0) -> 25 | O7: =VLOOKUP(A7,HORARIOS!A:D,4,0) -> 08:00 hrs | P7: =VLOOKUP(A7,HORARIOS!A:E,5,0) -> 12:00 hrs
A8: =D8&N8 -> 600125 | B8: 3 | C8: 13 | D8: 6001 | E8: Chalco de Diaz Covarrubias | F8: NA | G8: CAMARA DIGITAL | H8: SONY | I8: ICAM00101794 | J8: ICAM00101794 | K8: 12 | L8: Incluye: Memoria de 4GB, Cargador y Pila. | M8: =VLOOKUP(D8,HORARIOS!B:H,7,0) -> Dia 5 | N8: =VLOOKUP(D8,HORARIOS!B:I,8,0) -> 25 | O8: =VLOOKUP(A8,HORARIOS!A:D,4,0) -> 08:00 hrs | P8: =VLOOKUP(A8,HORARIOS!A:E,5,0) -> 12:00 hrs
A9: =D9&N9 -> 600125 | B9: 4 | C9: 13 | D9: 6001 | E9: Chalco de Diaz Covarrubias | F9: NA | G9: ENGARGOLADORA | H9: COMBO | I9: IENC00100144 | J9: IENC00100144 | K9: 12 | M9: =VLOOKUP(D9,HORARIOS!B:H,7,0) -> Dia 5 | N9: =VLOOKUP(D9,HORARIOS!B:I,8,0) -> 25 | O9: =VLOOKUP(A9,HORARIOS!A:D,4,0) -> 08:00 hrs | P9: =VLOOKUP(A9,HORARIOS!A:E,5,0) -> 12:00 hrs
A10: =D10&N10 -> 600125 | B10: 5 | C10: 13 | D10: 6001 | E10: Chalco de Diaz Covarrubias | F10: NA | G10: EQUIPO DE PERIFONEO | H10: RADSON | I10: iamp00100132 | J10: IAMP00100132 | K10: 12 | M10: =VLOOKUP(D10,HORARIOS!B:H,7,0) -> Dia 5 | N10: =VLOOKUP(D10,HORARIOS!B:I,8,0) -> 25 | O10: =VLOOKUP(A10,HORARIOS!A:D,4,0) -> 08:00 hrs | P10: =VLOOKUP(A10,HORARIOS!A:E,5,0) -> 12:00 hrs
A11: =D11&N11 -> 600125 | B11: 6 | C11: 13 | D11: 6001 | E11: Chalco de Diaz Covarrubias | F11: NA | G11: GRABADORA | H11: SONY | I11: IGRA00100332 | J11: IGRA00100332 | K11: 12 | M11: =VLOOKUP(D11,HORARIOS!B:H,7,0) -> Dia 5 | N11: =VLOOKUP(D11,HORARIOS!B:I,8,0) -> 25 | O11: =VLOOKUP(A11,HORARIOS!A:D,4,0) -> 08:00 hrs | P11: =VLOOKUP(A11,HORARIOS!A:E,5,0) -> 12:00 hrs
A12: =D12&N12 -> 600125 | B12: 7 | C12: 13 | D12: 6001 | E12: Chalco de Diaz Covarrubias | F12: NA | G12: LAMPARA DE EMERGENCIA CHICA | H12: SURTEK | I12: ILAM00101145 | J12: ILAM00101145 | K12: 12 | L12: Incluye: Cable de Alimentacion (Lampara chica) | M12: =VLOOKUP(D12,HORARIOS!B:H,7,0) -> Dia 5 | N12: =VLOOKUP(D12,HORARIOS!B:I,8,0) -> 25 | O12: =VLOOKUP(A12,HORARIOS!A:D,4,0) -> 08:00 hrs | P12: =VLOOKUP(A12,HORARIOS!A:E,5,0) -> 12:00 hrs
A13: =D13&N13 -> 600125 | B13: 8 | C13: 13 | D13: 6001 | E13: Chalco de Diaz Covarrubias | F13: NA | G13: LAMPARA DE EMERGENCIA CHICA | H13: SURTEK | I13: ILAM00101151 | J13: ILAM00101151 | K13: 12 | L13: Incluye: Cable de Alimentacion (Lampara chica) | M13: =VLOOKUP(D13,HORARIOS!B:H,7,0) -> Dia 5 | N13: =VLOOKUP(D13,HORARIOS!B:I,8,0) -> 25 | O13: =VLOOKUP(A13,HORARIOS!A:D,4,0) -> 08:00 hrs | P13: =VLOOKUP(A13,HORARIOS!A:E,5,0) -> 12:00 hrs
A14: =D14&N14 -> 600125 | B14: 9 | C14: 13 | D14: 6001 | E14: Chalco de Diaz Covarrubias | F14: NA | G14: LAMPARA DE EMERGENCIA CHICA | H14: SURTEK | I14: ILAM00101157 | J14: ILAM00101157 | K14: 12 | L14: Incluye: Cable de Alimentacion (Lampara chica) | M14: =VLOOKUP(D14,HORARIOS!B:H,7,0) -> Dia 5 | N14: =VLOOKUP(D14,HORARIOS!B:I,8,0) -> 25 | O14: =VLOOKUP(A14,HORARIOS!A:D,4,0) -> 08:00 hrs | P14: =VLOOKUP(A14,HORARIOS!A:E,5,0) -> 12:00 hrs
A15: =D15&N15 -> 600125 | B15: 10 | C15: 13 | D15: 6001 | E15: Chalco de Diaz Covarrubias | F15: NA | G15: LAMPARA DE EMERGENCIA GRANDE | H15: STEREN | I15: SN | J15: SN | K15: 2 | L15: Incluye: Cable de Alimentacion (Lampara grande) | M15: =VLOOKUP(D15,HORARIOS!B:H,7,0) -> Dia 5 | N15: =VLOOKUP(D15,HORARIOS!B:I,8,0) -> 25 | O15: =VLOOKUP(A15,HORARIOS!A:D,4,0) -> 08:00 hrs | P15: =VLOOKUP(A15,HORARIOS!A:E,5,0) -> 12:00 hrs
A16: =D16&N16 -> 600125 | B16: 14 | C16: 13 | D16: 6001 | E16: Chalco de Diaz Covarrubias | F16: NA | G16: RECEPTOR | H16: SOUNDTRACK | I16: isis01200111 | J16: ISIS01200111 | K16: 12 | L16: Incluye: 2 Microfonos, Cable extencion Plug. Macho de 6.6mm, 2 Antenas y Eliminador y 2 soportes de microfonos | M16: =VLOOKUP(D16,HORARIOS!B:H,7,0) -> Dia 5 | N16: =VLOOKUP(D16,HORARIOS!B:I,8,0) -> 25 | O16: =VLOOKUP(A16,HORARIOS!A:D,4,0) -> 08:00 hrs | P16: =VLOOKUP(A16,HORARIOS!A:E,5,0) -> 12:00 hrs
A17: =D17&N17 -> 600125 | B17: 15 | C17: 13 | D17: 6001 | E17: Chalco de Diaz Covarrubias | F17: NA | G17: TAJALAPIZ | H17: SN | I17: itaj00100201 | J17: ITAJ00100201 | K17: 12 | M17: =VLOOKUP(D17,HORARIOS!B:H,7,0) -> Dia 5 | N17: =VLOOKUP(D17,HORARIOS!B:I,8,0) -> 25 | O17: =VLOOKUP(A17,HORARIOS!A:D,4,0) -> 08:00 hrs | P17: =VLOOKUP(A17,HORARIOS!A:E,5,0) -> 12:00 hrs
A18: =D18&N18 -> 600125 | B18: 16 | C18: 13 | D18: 6001 | E18: Chalco de Diaz Covarrubias | F18: NA | G18: TELEFONOS | H18: TELMEX | I18: itel00100425 | J18: ITEL00100425 | K18: 12 | M18: =VLOOKUP(D18,HORARIOS!B:H,7,0) -> Dia 5 | N18: =VLOOKUP(D18,HORARIOS!B:I,8,0) -> 25 | O18: =VLOOKUP(A18,HORARIOS!A:D,4,0) -> 08:00 hrs | P18: =VLOOKUP(A18,HORARIOS!A:E,5,0) -> 12:00 hrs
A19: =D19&N19 -> 600212 | B19: 17 | C19: 12 | D19: 6002 | E19: Toluca de Lerdo | F19: NA | G19: BAFLE | H19: STEREN | K19: 0 | L19: Incluye: Cable de Alimentación, CON CABLE PLUS 3 VIAS | M19: =VLOOKUP(D19,HORARIOS!B:H,7,0) -> Día 2 | N19: =VLOOKUP(D19,HORARIOS!B:I,8,0) -> 12 | O19: =VLOOKUP(A19,HORARIOS!A:D,4,0) -> 14:30 hrs | P19: =VLOOKUP(A19,HORARIOS!A:E,5,0) -> 16:30 hrs
A20: =D20&N20 -> 600212 | B20: 18 | C20: 12 | D20: 6002 | E20: Toluca de Lerdo | F20: NA | G20: BOTIQUIN | H20: SN | I20: IBOT00100182 | J20: IBOT00100182 | K20: 12 | M20: =VLOOKUP(D20,HORARIOS!B:H,7,0) -> Día 2 | N20: =VLOOKUP(D20,HORARIOS!B:I,8,0) -> 12 | O20: =VLOOKUP(A20,HORARIOS!A:D,4,0) -> 14:30 hrs | P20: =VLOOKUP(A20,HORARIOS!A:E,5,0) -> 16:30 hrs
A21: =D21&N21 -> 600212 | B21: 19 | C21: 12 | D21: 6002 | E21: Toluca de Lerdo | F21: NA | G21: CAMARA DIGITAL | H21: SONY | I21: icam00101757 | J21: ICAM00101757 | K21: 12 | M21: =VLOOKUP(D21,HORARIOS!B:H,7,0) -> Día 2 | N21: =VLOOKUP(D21,HORARIOS!B:I,8,0) -> 12 | O21: =VLOOKUP(A21,HORARIOS!A:D,4,0) -> 14:30 hrs | P21: =VLOOKUP(A21,HORARIOS!A:E,5,0) -> 16:30 hrs
A22: =D22&N22 -> 600212 | B22: 20 | C22: 12 | D22: 6002 | E22: Toluca de Lerdo | F22: NA | G22: ENGARGOLADORA | H22: COMBO | I22: ieng00100126 | J22: IENG00100126 | K22: 12 | M22: =VLOOKUP(D22,HORARIOS!B:H,7,0) -> Día 2 | N22: =VLOOKUP(D22,HORARIOS!B:I,8,0) -> 12 | O22: =VLOOKUP(A22,HORARIOS!A:D,4,0) -> 14:30 hrs | P22: =VLOOKUP(A22,HORARIOS!A:E,5,0) -> 16:30 hrs
A23: =D23&N23 -> 600212 | B23: 21 | C23: 12 | D23: 6002 | E23: Toluca de Lerdo | F23: NA | G23: EQUIPO DE PERIFONEO | H23: RADSON | I23: IAMP00100061 | J23: IAMP00100061 | K23: 12 | M23: =VLOOKUP(D23,HORARIOS!B:H,7,0) -> Día 2 | N23: =VLOOKUP(D23,HORARIOS!B:I,8,0) -> 12 | O23: =VLOOKUP(A23,HORARIOS!A:D,4,0) -> 14:30 hrs | P23: =VLOOKUP(A23,HORARIOS!A:E,5,0) -> 16:30 hrs
A24: =D24&N24 -> 600212 | B24: 22 | C24: 12 | D24: 6002 | E24: Toluca de Lerdo | F24: NA | G24: GRABADORA | H24: SONY | I24: igra00100377 | J24: IGRA00100377 | K24: 12 | M24: =VLOOKUP(D24,HORARIOS!B:H,7,0) -> Día 2 | N24: =VLOOKUP(D24,HORARIOS!B:I,8,0) -> 12 | O24: =VLOOKUP(A24,HORARIOS!A:D,4,0) -> 14:30 hrs | P24: =VLOOKUP(A24,HORARIOS!A:E,5,0) -> 16:30 hrs
A25: =D25&N25 -> 600212 | B25: 23 | C25: 12 | D25: 6002 | E25: Toluca de Lerdo | F25: NA | G25: LAMPARA DE EMERGENCIA CHICA | H25: SURTEK | I25: ILAM00101251 | J25: ILAM00101251 | K25: 12 | L25: Incluye: Cable de Alimentacion (Lampara chica) | M25: =VLOOKUP(D25,HORARIOS!B:H,7,0) -> Día 2 | N25: =VLOOKUP(D25,HORARIOS!B:I,8,0) -> 12 | O25: =VLOOKUP(A25,HORARIOS!A:D,4,0) -> 14:30 hrs | P25: =VLOOKUP(A25,HORARIOS!A:E,5,0) -> 16:30 hrs
A26: =D26&N26 -> 600212 | B26: 24 | C26: 12 | D26: 6002 | E26: Toluca de Lerdo | F26: NA | G26: LAMPARA DE EMERGENCIA CHICA | H26: SURTEK | I26: ILAM00101321 | J26: ILAM00101321 | K26: 12 | L26: Incluye: Cable de Alimentacion (Lampara chica) | M26: =VLOOKUP(D26,HORARIOS!B:H,7,0) -> Día 2 | N26: =VLOOKUP(D26,HORARIOS!B:I,8,0) -> 12 | O26: =VLOOKUP(A26,HORARIOS!A:D,4,0) -> 14:30 hrs | P26: =VLOOKUP(A26,HORARIOS!A:E,5,0) -> 16:30 hrs
A27: =D27&N27 -> 600212 | B27: 25 | C27: 12 | D27: 6002 | E27: Toluca de Lerdo | F27: NA | G27: LAMPARA DE EMERGENCIA GRANDE | H27: STEREN | I27: SN | J27: SN | K27: 2 | L27: Incluye: Cable de Alimentacion (Lampara grande) | M27: =VLOOKUP(D27,HORARIOS!B:H,7,0) -> Día 2 | N27: =VLOOKUP(D27,HORARIOS!B:I,8,0) -> 12 | O27: =VLOOKUP(A27,HORARIOS!A:D,4,0) -> 14:30 hrs | P27: =VLOOKUP(A27,HORARIOS!A:E,5,0) -> 16:30 hrs
A28: =D28&N28 -> 600212 | B28: 26 | C28: 12 | D28: 6002 | E28: Toluca de Lerdo | F28: NA | G28: RECEPTOR | H28: SOUNDTRACK | I28: isis01200114 | J28: ISIS01200114 | K28: 12 | L28: Incluye: 2 Microfonos, Cable extencion Plug. Macho de 6.6mm, 2 Antenas y Eliminador y 2 soportes de microfonos | M28: =VLOOKUP(D28,HORARIOS!B:H,7,0) -> Día 2 | N28: =VLOOKUP(D28,HORARIOS!B:I,8,0) -> 12 | O28: =VLOOKUP(A28,HORARIOS!A:D,4,0) -> 14:30 hrs | P28: =VLOOKUP(A28,HORARIOS!A:E,5,0) -> 16:30 hrs
A29: =D29&N29 -> 600212 | B29: 27 | C29: 12 | D29: 6002 | E29: Toluca de Lerdo | F29: NA | G29: TAJALAPIZ | H29: SN | I29: ITAJ00100169 | J29: ITAJ00100169 | K29: 12 | M29: =VLOOKUP(D29,HORARIOS!B:H,7,0) -> Día 2 | N29: =VLOOKUP(D29,HORARIOS!B:I,8,0) -> 12 | O29: =VLOOKUP(A29,HORARIOS!A:D,4,0) -> 14:30 hrs | P29: =VLOOKUP(A29,HORARIOS!A:E,5,0) -> 16:30 hrs
A30: =D30&N30 -> 600212 | B30: 28 | C30: 12 | D30: 6002 | E30: Toluca de Lerdo | F30: NA | G30: TELEFONOS | H30: TELMEX | I30: ITEL00101131 | J30: ITEL00101131 | K30: 12 | M30: =VLOOKUP(D30,HORARIOS!B:H,7,0) -> Día 2 | N30: =VLOOKUP(D30,HORARIOS!B:I,8,0) -> 12 | O30: =VLOOKUP(A30,HORARIOS!A:D,4,0) -> 14:30 hrs | P30: =VLOOKUP(A30,HORARIOS!A:E,5,0) -> 16:30 hrs
A31: =D31&N31 -> 60032 | B31: 29 | C31: 17 | D31: 6003 | E31: Chimaihuacan | F31: NA | G31: BAFLE | H31: STEREN | I31: IBAF00100196 | J31: IBAF00100196 | K31: 12 | L31: Incluye: Cable de Alimentación, | M31: =VLOOKUP(D31,HORARIOS!B:H,7,0) -> Día 1 | N31: =VLOOKUP(D31,HORARIOS!B:I,8,0) -> 2 | O31: =VLOOKUP(A31,HORARIOS!A:D,4,0) -> 10:30 hrs | P31: =VLOOKUP(A31,HORARIOS!A:E,5,0) -> 14:00 hrs
A32: =D32&N32 -> 60032 | B32: 30 | C32: 17 | D32: 6003 | E32: Chimaihuacan | F32: NA | G32: BOTIQUIN | H32: SN | I32: IBOT00100067 | J32: IBOT00100067 | K32: 12 | M32: =VLOOKUP(D32,HORARIOS!B:H,7,0) -> Día 1 | N32: =VLOOKUP(D32,HORARIOS!B:I,8,0) -> 2 | O32: =VLOOKUP(A32,HORARIOS!A:D,4,0) -> 10:30 hrs | P32: =VLOOKUP(A32,HORARIOS!A:E,5,0) -> 14:00 hrs
A33: =D33&N33 -> 60032 | B33: 31 | C33: 17 | D33: 6003 | E33: Chimaihuacan | F33: NA | G33: CAMARA DIGITAL | H33: SONY | I33: ICAM00101745 | J33: ICAM00101745 | K33: 12 | L33: Incluye: Memoria de 4GB, Cargador y Pila. | M33: =VLOOKUP(D33,HORARIOS!B:H,7,0) -> Día 1 | N33: =VLOOKUP(D33,HORARIOS!B:I,8,0) -> 2 | O33: =VLOOKUP(A33,HORARIOS!A:D,4,0) -> 10:30 hrs | P33: =VLOOKUP(A33,HORARIOS!A:E,5,0) -> 14:00 hrs
A34: =D34&N34 -> 60032 | B34: 32 | C34: 17 | D34: 6003 | E34: Chimaihuacan | F34: NA | G34: ENGARGOLADORA | H34: COMBO | I34: IENG00100216 | J34: IENG00100216 | K34: 12 | M34: =VLOOKUP(D34,HORARIOS!B:H,7,0) -> Día 1 | N34: =VLOOKUP(D34,HORARIOS!B:I,8,0) -> 2 | O34: =VLOOKUP(A34,HORARIOS!A:D,4,0) -> 10:30 hrs | P34: =VLOOKUP(A34,HORARIOS!A:E,5,0) -> 14:00 hrs
A35: =D35&N35 -> 60032 | B35: 33 | C35: 17 | D35: 6003 | E35: Chimaihuacan | F35: NA | G35: EQUIPO DE PERIFONEO | H35: RADSON | I35: IAMP00100045 | J35: IAMP00100045 | K35: 12 | M35: =VLOOKUP(D35,HORARIOS!B:H,7,0) -> Día 1 | N35: =VLOOKUP(D35,HORARIOS!B:I,8,0) -> 2 | O35: =VLOOKUP(A35,HORARIOS!A:D,4,0) -> 10:30 hrs | P35: =VLOOKUP(A35,HORARIOS!A:E,5,0) -> 14:00 hrs
A36: =D36&N36 -> 60032 | B36: 35 | C36: 17 | D36: 6003 | E36: Chimaihuacan | F36: NA | G36: GRABADORA | H36: SONY | I36: IGRA00100313 | J36: IGRA00100313 | K36: 12 | M36: =VLOOKUP(D36,HORARIOS!B:H,7,0) -> Día 1 | N36: =VLOOKUP(D36,HORARIOS!B:I,8,0) -> 2 | O36: =VLOOKUP(A36,HORARIOS!A:D,4,0) -> 10:30 hrs | P36: =VLOOKUP(A36,HORARIOS!A:E,5,0) -> 14:00 hrs
A37: =D37&N37 -> 60032 | B37: 36 | C37: 17 | D37: 6003 | E37: Chimaihuacan | F37: NA | G37: LAMPARA DE EMERGENCIA CHICA | H37: SURTEK | I37: ILAM00101323 | J37: ILAM00101323 | K37: 12 | L37: Incluye: Cable de Alimentacion (Lampara chica) | M37: =VLOOKUP(D37,HORARIOS!B:H,7,0) -> Día 1 | N37: =VLOOKUP(D37,HORARIOS!B:I,8,0) -> 2 | O37: =VLOOKUP(A37,HORARIOS!A:D,4,0) -> 10:30 hrs | P37: =VLOOKUP(A37,HORARIOS!A:E,5,0) -> 14:00 hrs
A38: =D38&N38 -> 60032 | B38: 37 | C38: 17 | D38: 6003 | E38: Chimaihuacan | F38: NA | G38: LAMPARA DE EMERGENCIA CHICA | H38: SURTEK | I38: ILAM00101167 | J38: ILAM00101167 | K38: 12 | L38: Incluye: Cable de Alimentacion (Lampara chica) | M38: =VLOOKUP(D38,HORARIOS!B:H,7,0) -> Día 1 | N38: =VLOOKUP(D38,HORARIOS!B:I,8,0) -> 2 | O38: =VLOOKUP(A38,HORARIOS!A:D,4,0) -> 10:30 hrs | P38: =VLOOKUP(A38,HORARIOS!A:E,5,0) -> 14:00 hrs
A39: =D39&N39 -> 60032 | B39: 38 | C39: 17 | D39: 6003 | E39: Chimaihuacan | F39: NA | G39: LAMPARA DE EMERGENCIA CHICA | H39: SURTEK | I39: ILAM00100811 | J39: ILAM00100811 | K39: 12 | L39: Incluye: Cable de Alimentacion (Lampara chica) | M39: =VLOOKUP(D39,HORARIOS!B:H,7,0) -> Día 1 | N39: =VLOOKUP(D39,HORARIOS!B:I,8,0) -> 2 | O39: =VLOOKUP(A39,HORARIOS!A:D,4,0) -> 10:30 hrs | P39: =VLOOKUP(A39,HORARIOS!A:E,5,0) -> 14:00 hrs
A40: =D40&N40 -> 60032 | B40: 40 | C40: 17 | D40: 6003 | E40: Chimaihuacan | F40: NA | G40: LAMPARA DE EMERGENCIA CHICA | H40: SURTEK | I40: ILAM00101224 | J40: ILAM00101224 | K40: 12 | L40: Incluye: Cable de Alimentacion (Lampara chica) | M40: =VLOOKUP(D40,HORARIOS!B:H,7,0) -> Día 1 | N40: =VLOOKUP(D40,HORARIOS!B:I,8,0) -> 2 | O40: =VLOOKUP(A40,HORARIOS!A:D,4,0) -> 10:30 hrs | P40: =VLOOKUP(A40,HORARIOS!A:E,5,0) -> 14:00 hrs
A41: =D41&N41 -> 60032 | B41: 41 | C41: 17 | D41: 6003 | E41: Chimaihuacan | F41: NA | G41: LAMPARA DE EMERGENCIA CHICA | H41: SURTEK | I41: ILAM00101234 | J41: ILAM00101234 | K41: 12 | L41: Incluye: Cable de Alimentacion (Lampara chica) | M41: =VLOOKUP(D41,HORARIOS!B:H,7,0) -> Día 1 | N41: =VLOOKUP(D41,HORARIOS!B:I,8,0) -> 2 | O41: =VLOOKUP(A41,HORARIOS!A:D,4,0) -> 10:30 hrs | P41: =VLOOKUP(A41,HORARIOS!A:E,5,0) -> 14:00 hrs
A42: =D42&N42 -> 60032 | B42: 42 | C42: 17 | D42: 6003 | E42: Chimaihuacan | F42: NA | G42: LAMPARA DE EMERGENCIA CHICA | H42: SURTEK | I42: ILAM00100864 | J42: ILAM00100864 | K42: 12 | L42: Incluye: Cable de Alimentacion (Lampara chica) | M42: =VLOOKUP(D42,HORARIOS!B:H,7,0) -> Día 1 | N42: =VLOOKUP(D42,HORARIOS!B:I,8,0) -> 2 | O42: =VLOOKUP(A42,HORARIOS!A:D,4,0) -> 10:30 hrs | P42: =VLOOKUP(A42,HORARIOS!A:E,5,0) -> 14:00 hrs
A43: =D43&N43 -> 60032 | B43: 43 | C43: 17 | D43: 6003 | E43: Chimaihuacan | F43: NA | G43: LAMPARA DE EMERGENCIA CHICA | H43: SURTEK | I43: ILAM00100842 | J43: ILAM00100842 | K43: 12 | L43: Incluye: Cable de Alimentacion (Lampara chica) | M43: =VLOOKUP(D43,HORARIOS!B:H,7,0) -> Día 1 | N43: =VLOOKUP(D43,HORARIOS!B:I,8,0) -> 2 | O43: =VLOOKUP(A43,HORARIOS!A:D,4,0) -> 10:30 hrs | P43: =VLOOKUP(A43,HORARIOS!A:E,5,0) -> 14:00 hrs
A44: =D44&N44 -> 60032 | B44: 44 | C44: 17 | D44: 6003 | E44: Chimaihuacan | F44: NA | G44: LAMPARA DE EMERGENCIA GRANDE | H44: STEREN | I44: SN | J44: SN | K44: 2 | L44: Incluye: Cable de Alimentacion (Lampara grande) | M44: =VLOOKUP(D44,HORARIOS!B:H,7,0) -> Día 1 | N44: =VLOOKUP(D44,HORARIOS!B:I,8,0) -> 2 | O44: =VLOOKUP(A44,HORARIOS!A:D,4,0) -> 10:30 hrs | P44: =VLOOKUP(A44,HORARIOS!A:E,5,0) -> 14:00 hrs
A45: =D45&N45 -> 60032 | B45: 45 | C45: 17 | D45: 6003 | E45: Chimaihuacan | F45: NA | G45: RECEPTOR | H45: SOUNDTRACK | I45: isis01200105 | J45: ISIS01200105 | K45: 12 | L45: Incluye: 2 Microfonos, Cable extencion Plug. Macho de 6.6mm, 2 Antenas y Eliminador y 2 soportes de microfonos | M45: =VLOOKUP(D45,HORARIOS!B:H,7,0) -> Día 1 | N45: =VLOOKUP(D45,HORARIOS!B:I,8,0) -> 2 | O45: =VLOOKUP(A45,HORARIOS!A:D,4,0) -> 10:30 hrs | P45: =VLOOKUP(A45,HORARIOS!A:E,5,0) -> 14:00 hrs
A46: =D46&N46 -> 60032 | B46: 46 | C46: 17 | D46: 6003 | E46: Chimaihuacan | F46: NA | G46: TAJALAPIZ | H46: SN | I46: ITAJ00100283 | J46: ITAJ00100283 | K46: 12 | M46: =VLOOKUP(D46,HORARIOS!B:H,7,0) -> Día 1 | N46: =VLOOKUP(D46,HORARIOS!B:I,8,0) -> 2 | O46: =VLOOKUP(A46,HORARIOS!A:D,4,0) -> 10:30 hrs | P46: =VLOOKUP(A46,HORARIOS!A:E,5,0) -> 14:00 hrs
A47: =D47&N47 -> 60032 | B47: 48 | C47: 17 | D47: 6003 | E47: Chimaihuacan | F47: NA | G47: TELEFONOS | H47: TELMEX | I47: ITEL00100969 | J47: ITEL00100969 | K47: 12 | M47: =VLOOKUP(D47,HORARIOS!B:H,7,0) -> Día 1 | N47: =VLOOKUP(D47,HORARIOS!B:I,8,0) -> 2 | O47: =VLOOKUP(A47,HORARIOS!A:D,4,0) -> 10:30 hrs | P47: =VLOOKUP(A47,HORARIOS!A:E,5,0) -> 14:00 hrs
A48: =D48&N48 -> 600424 | B48: 49 | C48: 12 | D48: 6004 | E48: Lerma de Villada | F48: NA | G48: BAFLE | H48: STEREN | I48: IBAF00100086 | J48: IBAF00100086 | K48: 12 | L48: Incluye: Cable de Alimentación, | M48: =VLOOKUP(D48,HORARIOS!B:H,7,0) -> Día 4 | N48: =VLOOKUP(D48,HORARIOS!B:I,8,0) -> 24 | O48: =VLOOKUP(A48,HORARIOS!A:D,4,0) -> 14:00 hrs | P48: =VLOOKUP(A48,HORARIOS!A:E,5,0) -> 17:00 hrs
A49: =D49&N49 -> 600424 | B49: 50 | C49: 12 | D49: 6004 | E49: Lerma de Villada | F49: NA | G49: BOTIQUIN | H49: SN | I49: IBOT00100095 | J49: IBOT00100095 | K49: 12 | M49: =VLOOKUP(D49,HORARIOS!B:H,7,0) -> Día 4 | N49: =VLOOKUP(D49,HORARIOS!B:I,8,0) -> 24 | O49: =VLOOKUP(A49,HORARIOS!A:D,4,0) -> 14:00 hrs | P49: =VLOOKUP(A49,HORARIOS!A:E,5,0) -> 17:00 hrs
A50: =D50&N50 -> 600424 | B50: 51 | C50: 12 | D50: 6004 | E50: Lerma de Villada | F50: NA | G50: CAMARA DIGITAL | H50: SONY | I50: icam00101779 | J50: ICAM00101779 | K50: 12 | L50: Incluye: Memoria de 4GB, Cargador y Pila. | M50: =VLOOKUP(D50,HORARIOS!B:H,7,0) -> Día 4 | N50: =VLOOKUP(D50,HORARIOS!B:I,8,0) -> 24 | O50: =VLOOKUP(A50,HORARIOS!A:D,4,0) -> 14:00 hrs | P50: =VLOOKUP(A50,HORARIOS!A:E,5,0) -> 17:00 hrs
A51: =D51&N51 -> 600424 | B51: 52 | C51: 12 | D51: 6004 | E51: Lerma de Villada | F51: NA | G51: ENGARGOLADORA | H51: COMBO | I51: IENG00100177 | J51: IENG00100177 | K51: 12 | M51: =VLOOKUP(D51,HORARIOS!B:H,7,0) -> Día 4 | N51: =VLOOKUP(D51,HORARIOS!B:I,8,0) -> 24 | O51: =VLOOKUP(A51,HORARIOS!A:D,4,0) -> 14:00 hrs | P51: =VLOOKUP(A51,HORARIOS!A:E,5,0) -> 17:00 hrs
A52: =D52&N52 -> 600424 | B52: 53 | C52: 12 | D52: 6004 | E52: Lerma de Villada | F52: NA | G52: EQUIPO DE PERIFONEO | H52: RADSON | I52: IAMP00100123 | J52: IAMP00100123 | K52: 12 | M52: =VLOOKUP(D52,HORARIOS!B:H,7,0) -> Día 4 | N52: =VLOOKUP(D52,HORARIOS!B:I,8,0) -> 24 | O52: =VLOOKUP(A52,HORARIOS!A:D,4,0) -> 14:00 hrs | P52: =VLOOKUP(A52,HORARIOS!A:E,5,0) -> 17:00 hrs
A53: =D53&N53 -> 600424 | B53: 54 | C53: 12 | D53: 6004 | E53: Lerma de Villada | F53: NA | G53: GRABADORA | H53: SONY | I53: igra00100347 | J53: IGRA00100347 | K53: 12 | M53: =VLOOKUP(D53,HORARIOS!B:H,7,0) -> Día 4 | N53: =VLOOKUP(D53,HORARIOS!B:I,8,0) -> 24 | O53: =VLOOKUP(A53,HORARIOS!A:D,4,0) -> 14:00 hrs | P53: =VLOOKUP(A53,HORARIOS!A:E,5,0) -> 17:00 hrs
A54: =D54&N54 -> 600424 | B54: 55 | C54: 12 | D54: 6004 | E54: Lerma de Villada | F54: NA | G54: LAMPARA DE EMERGENCIA CHICA | H54: SURTEK | I54: ILAM00100838 | J54: ILAM00100838 | K54: 12 | L54: Incluye: Cable de Alimentacion (Lampara chica) | M54: =VLOOKUP(D54,HORARIOS!B:H,7,0) -> Día 4 | N54: =VLOOKUP(D54,HORARIOS!B:I,8,0) -> 24 | O54: =VLOOKUP(A54,HORARIOS!A:D,4,0) -> 14:00 hrs | P54: =VLOOKUP(A54,HORARIOS!A:E,5,0) -> 17:00 hrs
A55: =D55&N55 -> 600424 | B55: 57 | C55: 12 | D55: 6004 | E55: Lerma de Villada | F55: NA | G55: LAMPARA DE EMERGENCIA CHICA | H55: SURTEK | I55: ILAM00100909 | J55: ILAM00100909 | K55: 12 | L55: Incluye: Cable de Alimentacion (Lampara chica) | M55: =VLOOKUP(D55,HORARIOS!B:H,7,0) -> Día 4 | N55: =VLOOKUP(D55,HORARIOS!B:I,8,0) -> 24 | O55: =VLOOKUP(A55,HORARIOS!A:D,4,0) -> 14:00 hrs | P55: =VLOOKUP(A55,HORARIOS!A:E,5,0) -> 17:00 hrs
A56: =D56&N56 -> 600424 | B56: 58 | C56: 12 | D56: 6004 | E56: Lerma de Villada | F56: NA | G56: LAMPARA DE EMERGENCIA GRANDE | H56: STEREN | I56: SN | J56: SN | K56: 2 | L56: Incluye: Cable de Alimentacion (Lampara grande) | M56: =VLOOKUP(D56,HORARIOS!B:H,7,0) -> Día 4 | N56: =VLOOKUP(D56,HORARIOS!B:I,8,0) -> 24 | O56: =VLOOKUP(A56,HORARIOS!A:D,4,0) -> 14:00 hrs | P56: =VLOOKUP(A56,HORARIOS!A:E,5,0) -> 17:00 hrs
A57: =D57&N57 -> 600424 | B57: 59 | C57: 12 | D57: 6004 | E57: Lerma de Villada | F57: NA | G57: RECEPTOR | H57: SOUNDTRACK | I57: ISIS01200120 | J57: ISIS01200120 | K57: 12 | L57: Incluye: 2 Microfonos, Cable extencion Plug. Macho de 6.6mm, 2 Antenas y Eliminador | M57: =VLOOKUP(D57,HORARIOS!B:H,7,0) -> Día 4 | N57: =VLOOKUP(D57,HORARIOS!B:I,8,0) -> 24 | O57: =VLOOKUP(A57,HORARIOS!A:D,4,0) -> 14:00 hrs | P57: =VLOOKUP(A57,HORARIOS!A:E,5,0) -> 17:00 hrs
A58: =D58&N58 -> 600424 | B58: 60 | C58: 12 | D58: 6004 | E58: Lerma de Villada | F58: NA | G58: TAJALAPIZ | H58: SN | I58: ITAJ00100280 | J58: ITAJ00100280 | K58: 12 | M58: =VLOOKUP(D58,HORARIOS!B:H,7,0) -> Día 4 | N58: =VLOOKUP(D58,HORARIOS!B:I,8,0) -> 24 | O58: =VLOOKUP(A58,HORARIOS!A:D,4,0) -> 14:00 hrs | P58: =VLOOKUP(A58,HORARIOS!A:E,5,0) -> 17:00 hrs
A59: =D59&N59 -> 600424 | B59: 61 | C59: 12 | D59: 6004 | E59: Lerma de Villada | F59: NA | G59: TELEFONOS | H59: TELMEX | I59: ITEL00100724 | J59: ITEL00100724 | K59: 12 | M59: =VLOOKUP(D59,HORARIOS!B:H,7,0) -> Día 4 | N59: =VLOOKUP(D59,HORARIOS!B:I,8,0) -> 24 | O59: =VLOOKUP(A59,HORARIOS!A:D,4,0) -> 14:00 hrs | P59: =VLOOKUP(A59,HORARIOS!A:E,5,0) -> 17:00 hrs
A60: =D60&N60 -> 60053 | B60: 62 | C60: 13 | D60: 6005 | E60: Chimalhuacan | F60: NA | G60: BAFLE | H60: STEREN | I60: IBAF00100087 | J60: IBAF00100087 | K60: 12 | L60: Incluye: Cable de Alimentación, | M60: =VLOOKUP(D60,HORARIOS!B:H,7,0) -> Día 1 | N60: =VLOOKUP(D60,HORARIOS!B:I,8,0) -> 3 | O60: =VLOOKUP(A60,HORARIOS!A:D,4,0) -> 11:30 hrs | P60: =VLOOKUP(A60,HORARIOS!A:E,5,0) -> 15:00 hrs
A61: =D61&N61 -> 60053 | B61: 63 | C61: 13 | D61: 6005 | E61: Chimalhuacan | F61: NA | G61: BOTIQUIN | H61: SN | I61: IBOT00100181 | J61: IBOT00100181 | K61: 12 | M61: =VLOOKUP(D61,HORARIOS!B:H,7,0) -> Día 1 | N61: =VLOOKUP(D61,HORARIOS!B:I,8,0) -> 3 | O61: =VLOOKUP(A61,HORARIOS!A:D,4,0) -> 11:30 hrs | P61: =VLOOKUP(A61,HORARIOS!A:E,5,0) -> 15:00 hrs
A62: =D62&N62 -> 60053 | B62: 65 | C62: 13 | D62: 6005 | E62: Chimalhuacan | F62: NA | G62: CAMARA DIGITAL | H62: SONY | I62: icam00101791 | J62: ICAM00101791 | K62: 12 | L62: Incluye: Memoria de 4GB, Cargador y Pila. | M62: =VLOOKUP(D62,HORARIOS!B:H,7,0) -> Día 1 | N62: =VLOOKUP(D62,HORARIOS!B:I,8,0) -> 3 | O62: =VLOOKUP(A62,HORARIOS!A:D,4,0) -> 11:30 hrs | P62: =VLOOKUP(A62,HORARIOS!A:E,5,0) -> 15:00 hrs
A63: =D63&N63 -> 60053 | B63: 66 | C63: 13 | D63: 6005 | E63: Chimalhuacan | F63: NA | G63: ENGARGOLADORA | H63: COMBO | I63: IENG00100083 | J63: IENG00100083 | K63: 12 | M63: =VLOOKUP(D63,HORARIOS!B:H,7,0) -> Día 1 | N63: =VLOOKUP(D63,HORARIOS!B:I,8,0) -> 3 | O63: =VLOOKUP(A63,HORARIOS!A:D,4,0) -> 11:30 hrs | P63: =VLOOKUP(A63,HORARIOS!A:E,5,0) -> 15:00 hrs
A64: =D64&N64 -> 60053 | B64: 67 | C64: 13 | D64: 6005 | E64: Chimalhuacan | F64: NA | G64: EQUIPO DE PERIFONEO | H64: RADSON | I64: IAMP00100095 | J64: IAMP00100095 | K64: 12 | M64: =VLOOKUP(D64,HORARIOS!B:H,7,0) -> Día 1 | N64: =VLOOKUP(D64,HORARIOS!B:I,8,0) -> 3 | O64: =VLOOKUP(A64,HORARIOS!A:D,4,0) -> 11:30 hrs | P64: =VLOOKUP(A64,HORARIOS!A:E,5,0) -> 15:00 hrs
A65: =D65&N65 -> 60053 | B65: 68 | C65: 13 | D65: 6005 | E65: Chimalhuacan | F65: NA | G65: GRABADORA | H65: SONY | I65: igra00100281 | J65: IGRA00100281 | K65: 12 | M65: =VLOOKUP(D65,HORARIOS!B:H,7,0) -> Día 1 | N65: =VLOOKUP(D65,HORARIOS!B:I,8,0) -> 3 | O65: =VLOOKUP(A65,HORARIOS!A:D,4,0) -> 11:30 hrs | P65: =VLOOKUP(A65,HORARIOS!A:E,5,0) -> 15:00 hrs
A66: =D66&N66 -> 60053 | B66: 69 | C66: 13 | D66: 6005 | E66: Chimalhuacan | F66: NA | G66: LAMPARA DE EMERGENCIA CHICA | H66: SURTEK | I66: ILAM00101164 | J66: ILAM00101164 | K66: 12 | L66: Incluye: Cable de Alimentacion (Lampara chica) | M66: =VLOOKUP(D66,HORARIOS!B:H,7,0) -> Día 1 | N66: =VLOOKUP(D66,HORARIOS!B:I,8,0) -> 3 | O66: =VLOOKUP(A66,HORARIOS!A:D,4,0) -> 11:30 hrs | P66: =VLOOKUP(A66,HORARIOS!A:E,5,0) -> 15:00 hrs
A67: =D67&N67 -> 60053 | B67: 70 | C67: 13 | D67: 6005 | E67: Chimalhuacan | F67: NA | G67: LAMPARA DE EMERGENCIA CHICA | H67: SURTEK | I67: ILAM00101220 | J67: ILAM00101220 | K67: 12 | L67: Incluye: Cable de Alimentacion (Lampara chica) | M67: =VLOOKUP(D67,HORARIOS!B:H,7,0) -> Día 1 | N67: =VLOOKUP(D67,HORARIOS!B:I,8,0) -> 3 | O67: =VLOOKUP(A67,HORARIOS!A:D,4,0) -> 11:30 hrs | P67: =VLOOKUP(A67,HORARIOS!A:E,5,0) -> 15:00 hrs
A68: =D68&N68 -> 60053 | B68: 71 | C68: 13 | D68: 6005 | E68: Chimalhuacan | F68: NA | G68: LAMPARA DE EMERGENCIA CHICA | H68: SURTEK | I68: ILAM00100815 | J68: ILAM00100815 | K68: 12 | L68: Incluye: Cable de Alimentacion (Lampara chica) | M68: =VLOOKUP(D68,HORARIOS!B:H,7,0) -> Día 1 | N68: =VLOOKUP(D68,HORARIOS!B:I,8,0) -> 3 | O68: =VLOOKUP(A68,HORARIOS!A:D,4,0) -> 11:30 hrs | P68: =VLOOKUP(A68,HORARIOS!A:E,5,0) -> 15:00 hrs
A69: =D69&N69 -> 60053 | B69: 72 | C69: 13 | D69: 6005 | E69: Chimalhuacan | F69: NA | G69: LAMPARA DE EMERGENCIA GRANDE | H69: STEREN | I69: SN | J69: SN | K69: 2 | L69: Incluye: Cable de Alimentacion (Lampara grande) | M69: =VLOOKUP(D69,HORARIOS!B:H,7,0) -> Día 1 | N69: =VLOOKUP(D69,HORARIOS!B:I,8,0) -> 3 | O69: =VLOOKUP(A69,HORARIOS!A:D,4,0) -> 11:30 hrs | P69: =VLOOKUP(A69,HORARIOS!A:E,5,0) -> 15:00 hrs
A70: =D70&N70 -> 60053 | B70: 74 | C70: 13 | D70: 6005 | E70: Chimalhuacan | F70: NA | G70: RECEPTOR | H70: SOUNDTRACK | I70: ISIS01200136 | J70: ISIS01200136 | K70: 12 | L70: Incluye: 2 Microfonos, Cable extencion Plug. Macho de 6.6mm, 2 Antenas y Eliminador y 2 soportes de microfonos | M70: =VLOOKUP(D70,HORARIOS!B:H,7,0) -> Día 1 | N70: =VLOOKUP(D70,HORARIOS!B:I,8,0) -> 3 | O70: =VLOOKUP(A70,HORARIOS!A:D,4,0) -> 11:30 hrs | P70: =VLOOKUP(A70,HORARIOS!A:E,5,0) -> 15:00 hrs
A71: =D71&N71 -> 60053 | B71: 75 | C71: 13 | D71: 6005 | E71: Chimalhuacan | F71: NA | G71: TAJALAPIZ | H71: SN | I71: ITAJ00100249 | J71: ITAJ00100249 | K71: 12 | M71: =VLOOKUP(D71,HORARIOS!B:H,7,0) -> Día 1 | N71: =VLOOKUP(D71,HORARIOS!B:I,8,0) -> 3 | O71: =VLOOKUP(A71,HORARIOS!A:D,4,0) -> 11:30 hrs | P71: =VLOOKUP(A71,HORARIOS!A:E,5,0) -> 15:00 hrs
A72: =D72&N72 -> 60053 | B72: 76 | C72: 13 | D72: 6005 | E72: Chimalhuacan | F72: NA | G72: TELEFONOS | H72: TELMEX | I72: ITEL00100793 | J72: ITEL00100793 | K72: 12 | M72: =VLOOKUP(D72,HORARIOS!B:H,7,0) -> Día 1 | N72: =VLOOKUP(D72,HORARIOS!B:I,8,0) -> 3 | O72: =VLOOKUP(A72,HORARIOS!A:D,4,0) -> 11:30 hrs | P72: =VLOOKUP(A72,HORARIOS!A:E,5,0) -> 15:00 hrs
A73: =D73&N73 -> 60067 | B73: 77 | C73: 13 | D73: 6006 | E73: Ecatepec de Morelos | F73: NA | G73: BAFLE | H73: STEREN | I73: IBAF00100062 | J73: IBAF00100062 | K73: 12 | L73: Incluye: Cable de Alimentación, | M73: =VLOOKUP(D73,HORARIOS!B:H,7,0) -> Día 2 | N73: =VLOOKUP(D73,HORARIOS!B:I,8,0) -> 7 | O73: =VLOOKUP(A73,HORARIOS!A:D,4,0) -> 08:00 hrs | P73: =VLOOKUP(A73,HORARIOS!A:E,5,0) -> 12:00 hrs
A74: =D74&N74 -> 60067 | B74: 78 | C74: 13 | D74: 6006 | E74: Ecatepec de Morelos | F74: NA | G74: BOTIQUIN | H74: SN | I74: IBOT00100076 | J74: IBOT00100076 | K74: 12 | M74: =VLOOKUP(D74,HORARIOS!B:H,7,0) -> Día 2 | N74: =VLOOKUP(D74,HORARIOS!B:I,8,0) -> 7 | O74: =VLOOKUP(A74,HORARIOS!A:D,4,0) -> 08:00 hrs | P74: =VLOOKUP(A74,HORARIOS!A:E,5,0) -> 12:00 hrs
A75: =D75&N75 -> 60067 | B75: 79 | C75: 13 | D75: 6006 | E75: Ecatepec de Morelos | F75: NA | G75: CAMARA DIGITAL | H75: SONY | I75: icam00101732 | J75: ICAM00101732 | K75: 12 | L75: Incluye: Memoria de 4GB, Cargador y Pila. | M75: =VLOOKUP(D75,HORARIOS!B:H,7,0) -> Día 2 | N75: =VLOOKUP(D75,HORARIOS!B:I,8,0) -> 7 | O75: =VLOOKUP(A75,HORARIOS!A:D,4,0) -> 08:00 hrs | P75: =VLOOKUP(A75,HORARIOS!A:E,5,0) -> 12:00 hrs
A76: =D76&N76 -> 60067 | B76: 80 | C76: 13 | D76: 6006 | E76: Ecatepec de Morelos | F76: NA | G76: ENGARGOLADORA | H76: COMBO | I76: ieng00100021 | J76: IENG00100021 | K76: 12 | M76: =VLOOKUP(D76,HORARIOS!B:H,7,0) -> Día 2 | N76: =VLOOKUP(D76,HORARIOS!B:I,8,0) -> 7 | O76: =VLOOKUP(A76,HORARIOS!A:D,4,0) -> 08:00 hrs | P76: =VLOOKUP(A76,HORARIOS!A:E,5,0) -> 12:00 hrs
A77: =D77&N77 -> 60067 | B77: 82 | C77: 13 | D77: 6006 | E77: Ecatepec de Morelos | F77: NA | G77: EQUIPO DE PERIFONEO | H77: RADSON | I77: iamp00100019 | J77: IAMP00100019 | K77: 12 | M77: =VLOOKUP(D77,HORARIOS!B:H,7,0) -> Día 2 | N77: =VLOOKUP(D77,HORARIOS!B:I,8,0) -> 7 | O77: =VLOOKUP(A77,HORARIOS!A:D,4,0) -> 08:00 hrs | P77: =VLOOKUP(A77,HORARIOS!A:E,5,0) -> 12:00 hrs
A78: =D78&N78 -> 60067 | B78: 83 | C78: 13 | D78: 6006 | E78: Ecatepec de Morelos | F78: NA | G78: GRABADORA | H78: SONY | I78: igra00100297 | J78: IGRA00100297 | K78: 12 | M78: =VLOOKUP(D78,HORARIOS!B:H,7,0) -> Día 2 | N78: =VLOOKUP(D78,HORARIOS!B:I,8,0) -> 7 | O78: =VLOOKUP(A78,HORARIOS!A:D,4,0) -> 08:00 hrs | P78: =VLOOKUP(A78,HORARIOS!A:E,5,0) -> 12:00 hrs
A79: =D79&N79 -> 60067 | B79: 84 | C79: 13 | D79: 6006 | E79: Ecatepec de Morelos | F79: NA | G79: LAMPARA DE EMERGENCIA CHICA | H79: SURTEK | I79: ILAM00101222 | J79: ILAM00101222 | K79: 12 | L79: Incluye: Cable de Alimentacion (Lampara chica) | M79: =VLOOKUP(D79,HORARIOS!B:H,7,0) -> Día 2 | N79: =VLOOKUP(D79,HORARIOS!B:I,8,0) -> 7 | O79: =VLOOKUP(A79,HORARIOS!A:D,4,0) -> 08:00 hrs | P79: =VLOOKUP(A79,HORARIOS!A:E,5,0) -> 12:00 hrs
A80: =D80&N80 -> 60067 | B80: 85 | C80: 13 | D80: 6006 | E80: Ecatepec de Morelos | F80: NA | G80: LAMPARA DE EMERGENCIA CHICA | H80: SURTEK | I80: ILAM00101140 | J80: ILAM00101140 | K80: 12 | L80: Incluye: Cable de Alimentacion (Lampara chica) | M80: =VLOOKUP(D80,HORARIOS!B:H,7,0) -> Día 2 | N80: =VLOOKUP(D80,HORARIOS!B:I,8,0) -> 7 | O80: =VLOOKUP(A80,HORARIOS!A:D,4,0) -> 08:00 hrs | P80: =VLOOKUP(A80,HORARIOS!A:E,5,0) -> 12:00 hrs
A81: =D81&N81 -> 60067 | B81: 86 | C81: 13 | D81: 6006 | E81: Ecatepec de Morelos | F81: NA | G81: LAMPARA DE EMERGENCIA CHICA | H81: SURTEK | I81: ILAM00101221 | J81: ILAM00101221 | K81: 12 | L81: Incluye: Cable de Alimentacion (Lampara chica) | M81: =VLOOKUP(D81,HORARIOS!B:H,7,0) -> Día 2 | N81: =VLOOKUP(D81,HORARIOS!B:I,8,0) -> 7 | O81: =VLOOKUP(A81,HORARIOS!A:D,4,0) -> 08:00 hrs | P81: =VLOOKUP(A81,HORARIOS!A:E,5,0) -> 12:00 hrs
A82: =D82&N82 -> 60067 | B82: 87 | C82: 13 | D82: 6006 | E82: Ecatepec de Morelos | F82: NA | G82: LAMPARA DE EMERGENCIA GRANDE | H82: STEREN | I82: SN | J82: SN | K82: 2 | L82: Incluye: Cable de Alimentacion (Lampara grande) | M82: =VLOOKUP(D82,HORARIOS!B:H,7,0) -> Día 2 | N82: =VLOOKUP(D82,HORARIOS!B:I,8,0) -> 7 | O82: =VLOOKUP(A82,HORARIOS!A:D,4,0) -> 08:00 hrs | P82: =VLOOKUP(A82,HORARIOS!A:E,5,0) -> 12:00 hrs
A83: =D83&N83 -> 60067 | B83: 88 | C83: 13 | D83: 6006 | E83: Ecatepec de Morelos | F83: NA | G83: RECEPTOR | H83: SOUNDTRACK | I83: ISIS01200152 | J83: ISIS01200152 | K83: 12 | L83: Incluye: 2 Microfonos, Cable extencion Plug. Macho de 6.6mm, 2 Antenas y Eliminador y 2 soportes de microfonos | M83: =VLOOKUP(D83,HORARIOS!B:H,7,0) -> Día 2 | N83: =VLOOKUP(D83,HORARIOS!B:I,8,0) -> 7 | O83: =VLOOKUP(A83,HORARIOS!A:D,4,0) -> 08:00 hrs | P83: =VLOOKUP(A83,HORARIOS!A:E,5,0) -> 12:00 hrs
A84: =D84&N84 -> 60067 | B84: 89 | C84: 13 | D84: 6006 | E84: Ecatepec de Morelos | F84: NA | G84: TAJALAPIZ | H84: SN | I84: ITAJ00100087 | J84: ITAJ00100087 | K84: 12 | M84: =VLOOKUP(D84,HORARIOS!B:H,7,0) -> Día 2 | N84: =VLOOKUP(D84,HORARIOS!B:I,8,0) -> 7 | O84: =VLOOKUP(A84,HORARIOS!A:D,4,0) -> 08:00 hrs | P84: =VLOOKUP(A84,HORARIOS!A:E,5,0) -> 12:00 hrs
A85: =D85&N85 -> 60067 | B85: 91 | C85: 13 | D85: 6006 | E85: Ecatepec de Morelos | F85: NA | G85: TELEFONOS | H85: TELMEX | I85: ITEL00100808 | J85: ITEL00100808 | K85: 12 | M85: =VLOOKUP(D85,HORARIOS!B:H,7,0) -> Día 2 | N85: =VLOOKUP(D85,HORARIOS!B:I,8,0) -> 7 | O85: =VLOOKUP(A85,HORARIOS!A:D,4,0) -> 08:00 hrs | P85: =VLOOKUP(A85,HORARIOS!A:E,5,0) -> 12:00 hrs
A86: =D86&N86 -> 600731 | B86: 92 | C86: 15 | D86: 6007 | E86: Tenancingo de Degollado | F86: NA | G86: BAFLE | H86: STEREN | I86: IBAF00100155 | J86: IBAF00100155 | K86: 12 | L86: Incluye: Cable de Alimentación, | M86: =VLOOKUP(D86,HORARIOS!B:H,7,0) -> Dia 5 | N86: =VLOOKUP(D86,HORARIOS!B:I,8,0) -> 31 | O86: =VLOOKUP(A86,HORARIOS!A:D,4,0) -> 15:00 hrs | P86: =VLOOKUP(A86,HORARIOS!A:E,5,0) -> 19:30 hrs
A87: =D87&N87 -> 600731 | B87: 93 | C87: 15 | D87: 6007 | E87: Tenancingo de Degollado | F87: NA | G87: BOTIQUIN | H87: SN | I87: IBOT00100010 | J87: IBOT00100010 | K87: 12 | M87: =VLOOKUP(D87,HORARIOS!B:H,7,0) -> Dia 5 | N87: =VLOOKUP(D87,HORARIOS!B:I,8,0) -> 31 | O87: =VLOOKUP(A87,HORARIOS!A:D,4,0) -> 15:00 hrs | P87: =VLOOKUP(A87,HORARIOS!A:E,5,0) -> 19:30 hrs
A88: =D88&N88 -> 600731 | B88: 94 | C88: 15 | D88: 6007 | E88: Tenancingo de Degollado | F88: NA | G88: CAMARA DIGITAL | H88: SONY | I88: icam00101776 | J88: ICAM00101776 | K88: 12 | L88: Incluye: Memoria de 4GB, Cargador y Pila. | M88: =VLOOKUP(D88,HORARIOS!B:H,7,0) -> Dia 5 | N88: =VLOOKUP(D88,HORARIOS!B:I,8,0) -> 31 | O88: =VLOOKUP(A88,HORARIOS!A:D,4,0) -> 15:00 hrs | P88: =VLOOKUP(A88,HORARIOS!A:E,5,0) -> 19:30 hrs
A89: =D89&N89 -> 600731 | B89: 95 | C89: 15 | D89: 6007 | E89: Tenancingo de Degollado | F89: NA | G89: ENGARGOLADORA | H89: COMBO | I89: IENG00100134 | J89: IENG00100134 | K89: 12 | M89: =VLOOKUP(D89,HORARIOS!B:H,7,0) -> Dia 5 | N89: =VLOOKUP(D89,HORARIOS!B:I,8,0) -> 31 | O89: =VLOOKUP(A89,HORARIOS!A:D,4,0) -> 15:00 hrs | P89: =VLOOKUP(A89,HORARIOS!A:E,5,0) -> 19:30 hrs
A90: =D90&N90 -> 600731 | B90: 96 | C90: 15 | D90: 6007 | E90: Tenancingo de Degollado | F90: NA | G90: EQUIPO DE PERIFONEO | H90: RADSON | I90: IAMP00100054 | J90: IAMP00100054 | K90: 12 | M90: =VLOOKUP(D90,HORARIOS!B:H,7,0) -> Dia 5 | N90: =VLOOKUP(D90,HORARIOS!B:I,8,0) -> 31 | O90: =VLOOKUP(A90,HORARIOS!A:D,4,0) -> 15:00 hrs | P90: =VLOOKUP(A90,HORARIOS!A:E,5,0) -> 19:30 hrs
A91: =D91&N91 -> 600731 | B91: 97 | C91: 15 | D91: 6007 | E91: Tenancingo de Degollado | F91: NA | G91: GRABADORA | H91: SONY | I91: igra00100294 | J91: IGRA00100294 | K91: 12 | M91: =VLOOKUP(D91,HORARIOS!B:H,7,0) -> Dia 5 | N91: =VLOOKUP(D91,HORARIOS!B:I,8,0) -> 31 | O91: =VLOOKUP(A91,HORARIOS!A:D,4,0) -> 15:00 hrs | P91: =VLOOKUP(A91,HORARIOS!A:E,5,0) -> 19:30 hrs
A92: =D92&N92 -> 600731 | B92: 99 | C92: 15 | D92: 6007 | E92: Tenancingo de Degollado | F92: NA | G92: LAMPARA DE EMERGENCIA CHICA | H92: SURTEK | I92: ILAM00101355 | J92: ILAM00101355 | K92: 12 | L92: Incluye: Cable de Alimentacion (Lampara chica) | M92: =VLOOKUP(D92,HORARIOS!B:H,7,0) -> Dia 5 | N92: =VLOOKUP(D92,HORARIOS!B:I,8,0) -> 31 | O92: =VLOOKUP(A92,HORARIOS!A:D,4,0) -> 15:00 hrs | P92: =VLOOKUP(A92,HORARIOS!A:E,5,0) -> 19:30 hrs
A93: =D93&N93 -> 600731 | B93: 100 | C93: 15 | D93: 6007 | E93: Tenancingo de Degollado | F93: NA | G93: LAMPARA DE EMERGENCIA CHICA | H93: SURTEK | I93: ILAM00101346 | J93: ILAM00101346 | K93: 12 | L93: Incluye: Cable de Alimentacion (Lampara chica) | M93: =VLOOKUP(D93,HORARIOS!B:H,7,0) -> Dia 5 | N93: =VLOOKUP(D93,HORARIOS!B:I,8,0) -> 31 | O93: =VLOOKUP(A93,HORARIOS!A:D,4,0) -> 15:00 hrs | P93: =VLOOKUP(A93,HORARIOS!A:E,5,0) -> 19:30 hrs
A94: =D94&N94 -> 600731 | B94: 101 | C94: 15 | D94: 6007 | E94: Tenancingo de Degollado | F94: NA | G94: LAMPARA DE EMERGENCIA CHICA | H94: SURTEK | I94: ILAM00101314 | J94: ILAM00101314 | K94: 12 | L94: Incluye: Cable de Alimentacion (Lampara chica) | M94: =VLOOKUP(D94,HORARIOS!B:H,7,0) -> Dia 5 | N94: =VLOOKUP(D94,HORARIOS!B:I,8,0) -> 31 | O94: =VLOOKUP(A94,HORARIOS!A:D,4,0) -> 15:00 hrs | P94: =VLOOKUP(A94,HORARIOS!A:E,5,0) -> 19:30 hrs
A95: =D95&N95 -> 600731 | B95: 102 | C95: 15 | D95: 6007 | E95: Tenancingo de Degollado | F95: NA | G95: LAMPARA DE EMERGENCIA CHICA | H95: SURTEK | I95: ILAM00101336 | J95: ILAM00101336 | K95: 12 | L95: Incluye: Cable de Alimentacion (Lampara chica) | M95: =VLOOKUP(D95,HORARIOS!B:H,7,0) -> Dia 5 | N95: =VLOOKUP(D95,HORARIOS!B:I,8,0) -> 31 | O95: =VLOOKUP(A95,HORARIOS!A:D,4,0) -> 15:00 hrs | P95: =VLOOKUP(A95,HORARIOS!A:E,5,0) -> 19:30 hrs
A96: =D96&N96 -> 600731 | B96: 103 | C96: 15 | D96: 6007 | E96: Tenancingo de Degollado | F96: NA | G96: LAMPARA DE EMERGENCIA CHICA | H96: SURTEK | I96: ILAM00101335 | J96: ILAM00101335 | K96: 12 | L96: Incluye: Cable de Alimentacion (Lampara chica) | M96: =VLOOKUP(D96,HORARIOS!B:H,7,0) -> Dia 5 | N96: =VLOOKUP(D96,HORARIOS!B:I,8,0) -> 31 | O96: =VLOOKUP(A96,HORARIOS!A:D,4,0) -> 15:00 hrs | P96: =VLOOKUP(A96,HORARIOS!A:E,5,0) -> 19:30 hrs
A97: =D97&N97 -> 600731 | B97: 104 | C97: 15 | D97: 6007 | E97: Tenancingo de Degollado | F97: NA | G97: LAMPARA DE EMERGENCIA GRANDE | H97: STEREN | I97: SN | J97: SN | K97: 2 | L97: Incluye: Cable de Alimentacion (Lampara grande) | M97: =VLOOKUP(D97,HORARIOS!B:H,7,0) -> Dia 5 | N97: =VLOOKUP(D97,HORARIOS!B:I,8,0) -> 31 | O97: =VLOOKUP(A97,HORARIOS!A:D,4,0) -> 15:00 hrs | P97: =VLOOKUP(A97,HORARIOS!A:E,5,0) -> 19:30 hrs
A98: =D98&N98 -> 600731 | B98: 105 | C98: 15 | D98: 6007 | E98: Tenancingo de Degollado | F98: NA | G98: RECEPTOR | H98: SOUNDTRACK | I98: ISIS01200085 | J98: ISIS01200085 | K98: 12 | L98: Incluye: 2 Microfonos, Cable extencion Plug. Macho de 6.6mm, 2 Antenas y Eliminador y 2 soportes de microfonos | M98: =VLOOKUP(D98,HORARIOS!B:H,7,0) -> Dia 5 | N98: =VLOOKUP(D98,HORARIOS!B:I,8,0) -> 31 | O98: =VLOOKUP(A98,HORARIOS!A:D,4,0) -> 15:00 hrs | P98: =VLOOKUP(A98,HORARIOS!A:E,5,0) -> 19:30 hrs
A99: =D99&N99 -> 600731 | B99: 106 | C99: 15 | D99: 6007 | E99: Tenancingo de Degollado | F99: NA | G99: TAJALAPIZ | H99: SN | I99: ITAJ00100267 | J99: ITAJ00100267 | K99: 12 | M99: =VLOOKUP(D99,HORARIOS!B:H,7,0) -> Dia 5 | N99: =VLOOKUP(D99,HORARIOS!B:I,8,0) -> 31 | O99: =VLOOKUP(A99,HORARIOS!A:D,4,0) -> 15:00 hrs | P99: =VLOOKUP(A99,HORARIOS!A:E,5,0) -> 19:30 hrs
A100: =D100&N100 -> 600731 | B100: 108 | C100: 15 | D100: 6007 | E100: Tenancingo de Degollado | F100: NA | G100: TELEFONOS | H100: TELMEX | I100: ITEL00100840 | J100: ITEL00100840 | K100: 12 | M100: =VLOOKUP(D100,HORARIOS!B:H,7,0) -> Dia 5 | N100: =VLOOKUP(D100,HORARIOS!B:I,8,0) -> 31 | O100: =VLOOKUP(A100,HORARIOS!A:D,4,0) -> 15:00 hrs | P100: =VLOOKUP(A100,HORARIOS!A:E,5,0) -> 19:30 hrs
...

Sheet CAJAS
E2: Dirección de Administración
E3: Subdirección de Recursos Materiales
E4: Departamento de Control Patrimonial
E5: ENVIO: FECHA
A6: =VLOOKUP(A9,[1]BD!C:D,2,0) -> Chalco de Diaz Covarrubias
A8: CLAVE | E8: LOCALIDAD
A9: 6001
A10: N.P | B10: ARTICULO | C10: MARCA | D10: INVENTARIO | E10: OBSERVACIONES
A11: 1 | B11: BAFLE | C11: STEREN | D11: IBAF00100183 | E11: Incluye: Cable de Alimentación, | F11: Cargado | H11: Eliminador | J11: (Plug 6.6mm a Cannon Macho)
A12: 2 | B12: BOTIQUIN | C12: SN | D12: IBOT00100106
A13: 3 | B13: CAMARA DIGITAL | C13: SONY | D13: ICAM00101794 | E13: Incluye: Memoria de 4GB, Cargador y Pila.
A14: 4 | B14: ENGARGOLADORA | C14: COMBO | D14: IENC00100144
A15: 5 | B15: EQUIPO DE PERIFONEO | C15: RADSON | D15: IAMP00100132
A16: 6 | B16: GRABADORA | C16: SONY | D16: IGRA00100332
A17: 7 | B17: LAMPARA DE EMERGENCIA CHICA | C17: SURTEK | D17: ILAM00101145 | E17: Incluye: Cable de Alimentacion (Lampara chica)
A18: 8 | B18: LAMPARA DE EMERGENCIA CHICA | C18: SURTEK | D18: ILAM00101151 | E18: Incluye: Cable de Alimentacion (Lampara chica)
A19: 9 | B19: LAMPARA DE EMERGENCIA CHICA | C19: SURTEK | D19: ILAM00101157 | E19: Incluye: Cable de Alimentacion (Lampara chica)
A20: 10 | B20: LAMPARA DE EMERGENCIA GRANDE | C20: STEREN | D20: SN | E20: Incluye: Cable de Alimentacion (Lampara grande)
A21: 11 | B21: RECEPTOR | C21: SOUNDTRACK | D21: ISIS01200111 | E21: Incluye: 2 Microfonos, Cable extencion Plug. Macho de 6.6mm, 2 Antenas y Eliminador y 2 soportes de microfonos
A22: 12 | B22: TAJALAPIZ | C22: SN | D22: ITAJ00100201
A23: 13 | B23: TELEFONOS | C23: TELMEX | D23: ITEL00100425
E31: Dirección de Administración
E32: Subdirección de Recursos Materiales
E33: Departamento de Control Patrimonial
E34: ENVIO: FECHA
A35: =VLOOKUP(A38,[1]BD!C:D,2,0) -> Toluca de Lerdo
A37: CLAVE | E37: LOCALIDAD
A38: 6002
A39: N.P | B39: ARTICULO | C39: MARCA | D39: INVENTARIO | E39: OBSERVACIONES
A40: 1 | B40: BAFLE | C40: STEREN | E40: Incluye: Cable de Alimentación, CON CABLE PLUS 3 VIAS
A41: 2 | B41: BOTIQUIN | C41: SN | D41: IBOT00100182
A42: 3 | B42: CAMARA DIGITAL | C42: SONY | D42: ICAM00101757
A43: 4 | B43: ENGARGOLADORA | C43: COMBO | D43: IENG00100126
A44: 5 | B44: EQUIPO DE PERIFONEO | C44: RADSON | D44: IAMP00100061
A45: 6 | B45: GRABADORA | C45: SONY | D45: IGRA00100377
A46: 7 | B46: LAMPARA DE EMERGENCIA CHICA | C46: SURTEK | D46: ILAM00101251 | E46: Incluye: Cable de Alimentacion (Lampara chica)
A47: 8 | B47: LAMPARA DE EMERGENCIA CHICA | C47: SURTEK | D47: ILAM00101321 | E47: Incluye: Cable de Alimentacion (Lampara chica)
A48: 9 | B48: LAMPARA DE EMERGENCIA GRANDE | C48: STEREN | D48: SN | E48: Incluye: Cable de Alimentacion (Lampara grande)
A49: 10 | B49: RECEPTOR | C49: SOUNDTRACK | D49: ISIS01200114 | E49: Incluye: 2 Microfonos, Cable extencion Plug. Macho de 6.6mm, 2 Antenas y Eliminador y 2 soportes de microfonos
A50: 11 | B50: TAJALAPIZ | C50: SN | D50: ITAJ00100169
A51: 12 | B51: TELEFONOS | C51: TELMEX | D51: ITEL00101131
E56: Dirección de Administración
E57: Subdirección de Recursos Materiales
E58: Departamento de Control Patrimonial
E59: ENVIO: FECHA
A60: =VLOOKUP(A63,[1]BD!C:D,2,0) -> Chimaihuacan
A62: CLAVE | E62: LOCALIDAD
A63: 6003
A64: N.P | B64: ARTICULO | C64: MARCA | D64: INVENTARIO | E64: OBSERVACIONES
A65: 1 | B65: BAFLE | C65: STEREN | D65: IBAF00100196 | E65: Incluye: Cable de Alimentación,
A66: 2 | B66: BOTIQUIN | C66: SN | D66: IBOT00100067
A67: 3 | B67: CAMARA DIGITAL | C67: SONY | D67: ICAM00101745 | E67: Incluye: Memoria de 4GB, Cargador y Pila.
A68: 4 | B68: ENGARGOLADORA | C68: COMBO | D68: IENG00100216
A69: 5 | B69: EQUIPO DE PERIFONEO | C69: RADSON | D69: IAMP00100045
A70: 6 | B70: GRABADORA | C70: SONY | D70: IGRA00100313
A71: 7 | B71: LAMPARA DE EMERGENCIA CHICA | C71: SURTEK | D71: ILAM00101323 | E71: Incluye: Cable de Alimentacion (Lampara chica)
A72: 8 | B72: LAMPARA DE EMERGENCIA CHICA | C72: SURTEK | D72: ILAM00101167 | E72: Incluye: Cable de Alimentacion (Lampara chica)
A73: 9 | B73: LAMPARA DE EMERGENCIA CHICA | C73: SURTEK | D73: ILAM00100811 | E73: Incluye: Cable de Alimentacion (Lampara chica)
A74: 10 | B74: LAMPARA DE EMERGENCIA CHICA | C74: SURTEK | D74: ILAM00101224 | E74: Incluye: Cable de Alimentacion (Lampara chica)
A75: 11 | B75: LAMPARA DE EMERGENCIA CHICA | C75: SURTEK | D75: ILAM00101234 | E75: Incluye: Cable de Alimentacion (Lampara chica)
A76: 12 | B76: LAMPARA DE EMERGENCIA CHICA | C76: SURTEK | D76: ILAM00100864 | E76: Incluye: Cable de Alimentacion (Lampara chica)
A77: 13 | B77: LAMPARA DE EMERGENCIA CHICA | C77: SURTEK | D77: ILAM00100842 | E77: Incluye: Cable de Alimentacion (Lampara chica)
A78: 14 | B78: LAMPARA DE EMERGENCIA GRANDE | C78: STEREN | D78: SN | E78: Incluye: Cable de Alimentacion (Lampara grande)
A79: 15 | B79: RECEPTOR | C79: SOUNDTRACK | D79: ISIS01200105 | E79: Incluye: 2 Microfonos, Cable extencion Plug. Macho de 6.6mm, 2 Antenas y Eliminador y 2 soportes de microfonos
A80: 16 | B80: TAJALAPIZ | C80: SN | D80: ITAJ00100283
A81: 17 | B81: TELEFONOS | C81: TELMEX | D81: ITEL00100969
E87: Dirección de Administración
E88: Subdirección de Recursos Materiales
E89: Departamento de Control Patrimonial
E90: ENVIO: FECHA
A91: =VLOOKUP(A94,[1]BD!C:D,2,0) -> Lerma de Villada
A93: CLAVE | E93: LOCALIDAD
A94: 6004
A95: N.P | B95: ARTICULO | C95: MARCA | D95: INVENTARIO | E95: OBSERVACIONES
A96: 1 | B96: BAFLE | C96: STEREN | D96: IBAF00100086 | E96: Incluye: Cable de Alimentación,
A97: 2 | B97: BOTIQUIN | C97: SN | D97: IBOT00100095
A98: 3 | B98: CAMARA DIGITAL | C98: SONY | D98: ICAM00101779 | E98: Incluye: Memoria de 4GB, Cargador y Pila.
A99: 4 | B99: ENGARGOLADORA | C99: COMBO | D99: IENG00100177
A100: 5 | B100: EQUIPO DE PERIFONEO | C100: RADSON | D100: IAMP00100123
A101: 6 | B101: GRABADORA | C101: SONY | D101: IGRA00100347
A102: 7 | B102: LAMPARA DE EMERGENCIA CHICA | C102: SURTEK | D102: ILAM00100838 | E102: Incluye: Cable de Alimentacion (Lampara chica)
A103: 8 | B103: LAMPARA DE EMERGENCIA CHICA | C103: SURTEK | D103: ILAM00100909 | E103: Incluye: Cable de Alimentacion (Lampara chica)
A104: 9 | B104: LAMPARA DE EMERGENCIA GRANDE | C104: STEREN | D104: SN | E104: Incluye: Cable de Alimentacion (Lampara grande)
A105: 10 | B105: RECEPTOR | C105: SOUNDTRACK | D105: ISIS01200120 | E105: Incluye: 2 Microfonos, Cable extencion Plug. Macho de 6.6mm, 2 Antenas y Eliminador
A106: 11 | B106: TAJALAPIZ | C106: SN | D106: ITAJ00100280
A107: 12 | B107: TELEFONOS | C107: TELMEX | D107: ITEL00100724
E112: Dirección de Administración
E113: Subdirección de Recursos Materiales
E114: Departamento de Control Patrimonial
E115: ENVIO: FECHA
A116: =VLOOKUP(A119,[1]BD!C:D,2,0) -> Chimalhuacan
A118: CLAVE | E118: LOCALIDAD
A119: 6005
A120: N.P | B120: ARTICULO | C120: MARCA | D120: INVENTARIO | E120: OBSERVACIONES
A121: 1 | B121: BAFLE | C121: STEREN | D121: IBAF00100087 | E121: Incluye: Cable de Alimentación,
A122: 2 | B122: BOTIQUIN | C122: SN | D122: IBOT00100181
A123: 3 | B123: CAMARA DIGITAL | C123: SONY | D123: ICAM00101791 | E123: Incluye: Memoria de 4GB, Cargador y Pila.
A124: 4 | B124: ENGARGOLADORA | C124: COMBO | D124: IENG00100083
A125: 5 | B125: EQUIPO DE PERIFONEO | C125: RADSON | D125: IAMP00100095
A126: 6 | B126: GRABADORA | C126: SONY | D126: IGRA00100281
...

Sheet RUTAS
A3: Programa de equipamiento de los Órganos Desconcentrados Distritales
A4: Proceso Electoral 2026 - 2027
A6: Día | B6: Ruta | C6: Centro de Costo | D6: Distrito Electoral | E6: Tiempos y distancias aproximadas | G6: Volumen
E7: Hora de embarque | F7: Hora de llegada | G7: m3
A9: Día 1 | B9: 1 | C9: 6028 | D9: Amecameca de Juárez | E9: 08:00 hrs | F9: 13:00 hrs | G9: 70
C10: 6040 | D10: Ixtapaluca | E10: 09.00 hrs | F10: 16:30 hrs
B11: 2 | C11: 6003 | D11: Chimalhuacán | E11: 10:30 hrs | F11: 14:00 hrs | G11: 50
B12: 3 | C12: 6005 | D12: Chimalhuacán | E12: 11:30 hrs | F12: 15:00 hrs | G12: 70
B13: 4 | C13: 6031 | D13: Los Reyes Acaquilpan | E13: 11:30 hrs | F13: 16:00 hrs | G13: 70
C14: 6041 | D14: Cd. Nezahualcóyotl | E14: 12:30 hrs | F14: 18:00 hrs
B15: 5 | C15: 6032 | D15: Naucalpan de Juárez | E15: 13.30 hrs | F15: 17:00 hrs | G15: 50
B16: 6 | C16: 6030 | D16: Naucalpan de Juárez | E16: 14:30 hrs | F16: 18:0 hrs | G16: 50
A17: Día 2 | B17: 7 | C17: 6006 | D17: Ecatepec de Morelos | E17: 08:00 hrs | F17: 12:00 hrs | G17: 70
B18: 8 | C18: 6021 | D18: Ecatepec de Morelos | E18: 09:30 hrs | F18: 13:30 hrs | G18: 70
B19: 9 | C19: 6020 | D19: Zumpango de Ocampo | E19: 10:30 hrs | F19: 14:30 hrs | G19: 50
B20: 10 | C20: 6026 | D20: Cuautitlán Izcalli | E20: 11:30 hrs | F20: 15:00 hrs | G20: 70
B21: 11 | C21: 6012 | D21: Teoloyucan | E21: 12:30 hrs | F21: 17:00 hrs | G21: 70
C22: 6043 | D22: Cuautitlán Izcalli | E22: 13:30 hrs | F22: 19:00 hrs
B23: 12 | C23: 6002 | D23: Toluca de Lerdo | E23: 14:30 hrs | F23: 16:30 hrs | G23: 70
B24: 13 | C24: 6034 | D24: Toluca de Lerdo | E24: 15:30 hrs | F24: 18:30 hrs | G24: 70
A25: Día 3 | B25: 14 | C25: 6022 | D25: Ojo de Agua (Tecámac) | E25: 08:00 hrs | F25: 12:00 hrs | G25: 70
B26: 15 | C26: 6033 | D26: Ojo de agua (Tecámac) | E26: 09:00 hrs | F26: 13:00 hrs | G26: 70
B27: 16 | C27: 6042 | D27: Ecatepec de Morelos | E27: 10:00 hrs | F27: 13:30 hrs | G27: 50
B28: 17 | C28: 6008 | D28: Ecatepec de Morelos | E28: 11:00 hrs | F28: 15:00 hrs | G28: 50
B29: 18 | C29: 6015 | D29: Ixtlahuaca de Rayón | E29: 12:00 hrs | F29: 14:30 hrs | G29: 70
C30: 6045 | D30: Barrio la Cabecera 3a Sección (Almoloya de Juárez) | E30: 13:00 hrs | F30: 16:00 hrs
B31: 19 | C31: 6036 | D31: San Miguel Zinacantepec | E31: 14:00 hrs | F31: 17:30 hrs | G31: 70
C32: 6035 | D32: Metepec | E32: 15:00 hrs | F32: 19:00 hrs
A33: Día 4 | B33: 22 | C33: 6023 | D33: Texcoco de Mora | E33: 08:00 hrs | F33: 12:30 hrs | G33: 70
C34: 6039 | D34: Tepexpan (Acolman) | E34: 09:00 hrs | F34: 13:00 hrs
B35: 20 | C35: 6037 | D35: Tlalnepantla de Baz | E35: 10:00 hrs | F35: 13:30 hrs | G35: 70
B36: 21 | C36: 6018 | D36: Tlalnepantla de Baz | E36: 11:00 hrs | F36: 14:30 hrs | G36: 70
B37: 23 | C37: 6014 | D37: Jilotepec de Andrés Molina Enríquez | E37: 12:00 hrs | F37: 16:00 hrs | G37: 70
C38: 6013 | D38: Atlacomulco de Fabela | E38: 13:00 hrs | F38: 18:30 hrs
B39: 24 | C39: 6004 | D39: Lerma de Villada | E39: 14:00 hrs | F39: 17:00 hrs | G39: 70
C40: 6017 | D40: Huixquilucan de Degollado | E40: 15:00 hrs | F40: 19:30 hrs
A41: Dia 5 | B41: 25 | C41: 6001 | D41: Chalco de Díaz Covarrubias | E41: 08:00 hrs | F41: 12:00 hrs | G41: 70
B42: 26 | C42: 6027 | D42: Valle de Chalco Solidaridad | E42: 09:00 hrs | F42: 13:00 hrs | G42: 50
B43: 27 | C43: 6044 | D43: Nicolás Romero | E43: 10:00 hrs | F43: 13:30 hrs | G43: 50
B44: 28 | C44: 6016 | D44: Ciudad Adolfo López Mateos | E44: 11:00 hrs | F44: 15:30 hrs | G44: 70
C45: 6019 | D45: Santa María Tultepec | E45: 12:00 hrs | F45: 17:00 hrs
B46: 29 | C46: 6010 | D46: Valle de Bravo | E46: 13:00 hrs | F46: 16:30 hrs | G46: 50
B47: 30 | C47: 6009 | D47: Tejupilco de Hidalgo | E47: 14:00 hrs | F47: 17:00 hrs | G47: 50
B48: 31 | C48: 6007 | D48: Tenancingo de Degollado | E48: 15:00 hrs | F48: 19:30 hrs | G48: 70
C49: 6029 | D49: Tianguistenco de Galeana | E49: 16:00 hrs | F49: 21:30 hrs
A50: Día 6 | B50: 32 | C50: 6025 | D50: CD. Nezahualcóyotl | E50: 08:00 hrs | F50: 12:00 hrs | G50: 70
B51: 33 | C51: 6024 | D51: CD. Nezahualcóyotl | E51: 09:00 hrs | F51: 13:00 hrs | G51: 70
B52: 34 | C52: 6038 | D52: Coacalco de Berriozábal | E52: 10:00 hrs | F52: 15:00 hrs | G52: 70
C53: 6011 | D53: Tultitlán de Mariano Escobedo | E53: 11:00 hrs | F53: 17:00 hrs
A55: Cap. | B55: 50 m3 | C55: 10 | D55: Unidades
A57: Cap. | B57: 70 m3 | C57: 24 | D57: Unidades
B59: Total | C59: 34 | D59: Unidades

Sheet ST
E3: VALIDACION
A4: CLAVE | B4: DISTRITO | C4: Cuenta de ARTICULO | D4: Cuenta de TOTAL | E4: =D4-C4 -> #VALUE!
A5: 6001 | B5: Chalco de Diaz Covarrubias | C5: 13 | D5: 13 | E5: =GETPIVOTDATA("Cuenta de TOTAL",$A$3,"CLAVE",6002,"DISTRITO","Toluca de Lerdo")-GETPIVOTDATA("Cuenta de ARTICULO",$A$3,"CLAVE",6002,"DISTRITO","Toluca de Lerdo") -> 0
A6: 6002 | B6: Toluca de Lerdo | C6: 12 | D6: 12 | E6: =GETPIVOTDATA("Cuenta de TOTAL",$A$3,"CLAVE",6003,"DISTRITO","Chimaihuacan")-GETPIVOTDATA("Cuenta de ARTICULO",$A$3,"CLAVE",6003,"DISTRITO","Chimaihuacan") -> 0
A7: 6003 | B7: Chimaihuacan | C7: 17 | D7: 17
A8: 6004 | B8: Lerma de Villada | C8: 12 | D8: 12
A9: 6005 | B9: Chimalhuacan | C9: 13 | D9: 13
A10: 6006 | B10: Ecatepec de Morelos | C10: 13 | D10: 13
A11: 6007 | B11: Tenancingo de Degollado | C11: 15 | D11: 15
A12: 6008 | B12: Ecatepec de Morelos | C12: 16 | D12: 16
A13: 6009 | B13: Tejupilco de Hidalgo | C13: 14 | D13: 14
A14: 6010 | B14: Valle de Bravo | C14: 13 | D14: 13
A15: 6011 | B15: Tultitlan de Mariano Escobedo | C15: 13 | D15: 13
A16: 6012 | B16: Teoloyucan | C16: 13 | D16: 13
A17: 6013 | B17: Atlacomulco de Fabela | C17: 13 | D17: 13
A18: 6014 | B18: Jilotepec de Andres Molina Enriquez | C18: 11 | D18: 11
... A28: 6024 | B28: CD Nezahualcoyotl | C28: 13 | D28: 13
A29: Total general | C29: 321 | D29: 321

Sheet CONCAT
A1: ILAM00 | B1: 1011 | C1: 45 | D1: =CONCATENATE(A1,"",B1,"",C1) -> ILAM00101145 | E1: =D1 -> ILAM00101145
A2: ILAM00 | B2: 1011 | C2: 51 | D2: =CONCATENATE(A2,"",B2,"",C2) -> ILAM00101151 | E2: =D2 -> ILAM00101151
A3: ILAM00 | B3: 1011 | C3: 57 | D3: =CONCATENATE(A3,"",B3,"",C3) -> ILAM00101157 | E3: =D3 -> ILAM00101157

Sheet BESE TOTAL CAJA
A1: Clave | B1: Localidad | C1: Bafle | D1: Botiquín | E1: Cámara Fotográfica | F1: Engargoladora | G1: Equipo de Perifoneo | H1: Grabadora digital | I1: Lámpara de emergencia CHICA | J1: Lámpara de emergencia GRANDE | K1: Receptor | L1: Tajalápiz | M1: Teléfono | N1: TOTAL
A2: 6001 | B2: Chalco de Diaz Covarrubias | C2: 1 | D2: 1 | E2: 1 | F2: 1 | G2: 1 | H2: 1 | I2: 3 | J2: 1 | K2: 1 | L2: 1 | M2: 1 | N2: =SUM(C2:M2) -> 13
A3: 6002 | B3: Toluca de Lerdo | C3: 1 | D3: 1 | E3: 1 | F3: 1 | G3: 1 | H3: 1 | I3: 2 | J3: 1 | K3: 1 | L3: 1 | M3: 1 | N3: =SUM(C3:M3) -> 12
A4: 6003 | B4: Chimaihuacan | C4: 1 | D4: 1 | E4: 1 | F4: 1 | G4: 1 | H4: 1 | I4: 7 | J4: 1 | K4: 1 | L4: 1 | M4: 1 | N4: =SUM(C4:M4) -> 17
A5: 6004 | B5: Lerma de Villada | C5: 1 | D5: 1 | E5: 1 | F5: 1 | G5: 1 | H5: 1 | I5: 2 | J5: 1 | K5: 1 | L5: 1 | M5: 1 | N5: =SUM(C5:M5) -> 12
A6: 6005 | B6: Chimalhuacan | C6: 1 | D6: 1 | E6: 1 | F6: 1 | G6: 1 | H6: 1 | I6: 3 | J6: 1 | K6: 1 | L6: 1 | M6: 1 | N6: =SUM(C6:M6) -> 13
A7: 6006 | B7: Ecatepec de Morelos | C7: 1 | D7: 1 | E7: 1 | F7: 1 | G7: 1 | H7: 1 | I7: 3 | J7: 1 | K7: 1 | L7: 1 | M7: 1 | N7: =SUM(C7:M7) -> 13
A8: 6007 | B8: Tenancingo de Degollado | C8: 1 | D8: 1 | E8: 1 | F8: 1 | G8: 1 | H8: 1 | I8: 5 | J8: 1 | K8: 1 | L8: 1 | M8: 1 | N8: =SUM(C8:M8) -> 15
A9: 6008 | B9: Ecatepec de Morelos | C9: 1 | D9: 1 | E9: 1 | F9: 1 | G9: 1 | H9: 1 | I9: 6 | J9: 1 | K9: 1 | L9: 1 | M9: 1 | N9: =SUM(C9:M9) -> 16
A10: 6009 | B10: Tejupilco de Hidalgo | C10: 1 | D10: 1 | E10: 1 | F10: 1 | G10: 1 | H10: 1 | I10: 4 | J10: 1 | K10: 1 | L10: 1 | M10: 1 | N10: =SUM(C10:M10) -> 14
A11: 6010 | B11: Valle de Bravo | C11: 1 | D11: 1 | E11: 1 | F11: 1 | G11: 1 | H11: 1 | I11: 3 | J11: 1 | K11: 1 | L11: 1 | M11: 1 | N11: =SUM(C11:M11) -> 13
A12: 6011 | B12: Tultitlan de Mariano Escobedo | C12: 1 | D12: 1 | E12: 1 | F12: 1 | G12: 1 | H12: 1 | I12: 3 | J12: 1 | K12: 1 | L12: 1 | M12: 1 | N12: =SUM(C12:M12) -> 13
A13: 6012 | B13: Teoloyucan | C13: 1 | D13: 1 | E13: 1 | F13: 1 | G13: 1 | H13: 1 | I13: 3 | J13: 1 | K13: 1 | L13: 1 | M13: 1 | N13: =SUM(C13:M13) -> 13
... A46: 6045 | B46: Barrio la Cabecera 3a Seccion (Almoloya de Juarez) | C46: 1 | D46: 1 | E46: 1 | F46: 1 | G46: 1 | H46: 1 | I46: 3 | J46: 1 | K46: 1 | L46: 1 | M46: 1 | N46: =SUM(C46:M46) -> 13

Sheet BASE
A1: Clave | B1: Localidad
A2: 6001 | B2: Chalco de Diaz Covarrubias
A3: 6002 | B3: Toluca de Lerdo
A4: 6003 | B4: Chimaihuacan
A5: 6004 | B5: Lerma de Villada
A6: 6005 | B6: Chimalhuacan
A7: 6006 | B7: Ecatepec de Morelos
A8: 6007 | B8: Tenancingo de Degollado
A9: 6008 | B9: Ecatepec de Morelos
A10: 6009 | B10: Tejupilco de Hidalgo
A11: 6010 | B11: Valle de Bravo
A12: 6011 | B12: Tultitlan de Mariano Escobedo
A13: 6012 | B13: Teoloyucan
... A46: 6045 | B46: Barrio la Cabecera 3a Seccion (Almoloya de Juarez)

Sheet HORARIOS
A1: CONCAT | B1: Centro de Costo | C1: Distrito Electoral | D1: Hora de embarque | E1: Hora de llegada | F1: Volumen | G1: Unidades | H1: Día | I1: Ruta
A2: =B2&I2 -> 60281 | B2: 6028 | C2: Amecameca de Juárez | D2: 08:00 hrs | E2: 13:00 hrs | F2: 70 | G2: 24 | H2: Día 1 | I2: 1
A3: =B3&I3 -> 60401 | B3: 6040 | C3: Ixtapaluca | D3: 09.00 hrs | E3: 16:30 hrs | F3: 70 | H3: Día 1 | I3: 1
A4: =B4&I4 -> 60032 | B4: 6003 | C4: Chimalhuacán | D4: 10:30 hrs | E4: 14:00 hrs | F4: 50 | G4: 10 | H4: Día 1 | I4: 2
A5: =B5&I5 -> 60053 | B5: 6005 | C5: Chimalhuacán | D5: 11:30 hrs | E5: 15:00 hrs | F5: 70 | G5: 24 | H5: Día 1 | I5: 3
A6: =B6&I6 -> 60314 | B6: 6031 | C6: Los Reyes Acaquilpan | D6: 11:30 hrs | E6: 16:00 hrs | F6: 70 | G6: 24 | H6: Día 1 | I6: 4
A7: =B7&I7 -> 60414 | B7: 6041 | C7: Cd. Nezahualcóyotl | D7: 12:30 hrs | E7: 18:00 hrs | F7: 70 | H7: Día 1 | I7: 4
A8: =B8&I8 -> 60325 | B8: 6032 | C8: Naucalpan de Juárez | D8: 13.30 hrs | E8: 17:00 hrs | F8: 50 | G8: 10 | H8: Día 1 | I8: 5
A9: =B9&I9 -> 60306 | B9: 6030 | C9: Naucalpan de Juárez | D9: 14:30 hrs | E9: 18:0 hrs | F9: 50 | G9: 10 | H9: Día 1 | I9: 6
A10: =B10&I10 -> 60067 | B10: 6006 | C10: Ecatepec de Morelos | D10: 08:00 hrs | E10: 12:00 hrs | F10: 70 | G10: 24 | H10: Día 2 | I10: 7
A11: =B11&I11 -> 60218 | B11: 6021 | C11: Ecatepec de Morelos | D11: 09:30 hrs | E11: 13:30 hrs | F11: 70 | G11: 24 | H11: Día 2 | I11: 8
A12: =B12&I12 -> 60209 | B12: 6020 | C12: Zumpango de Ocampo | D12: 10:30 hrs | E12: 14:30 hrs | F12: 50 | G12: 10 | H12: Día 2 | I12: 9
A13: =B13&I13 -> 602610 | B13: 6026 | C13: Cuautitlán Izcalli | D13: 11:30 hrs | E13: 15:00 hrs | F13: 70 | G13: 24 | H13: Día 2 | I13: 10
A14: =B14&I14 -> 601211 | B14: 6012 | C14: Teoloyucan | D14: 12:30 hrs | E14: 17:00 hrs | F14: 70 | G14: 24 | H14: Día 2 | I14: 11
A15: =B15&I15 -> 604311 | B15: 6043 | C15: Cuautitlán Izcalli | D15: 13:30 hrs | E15: 19:00 hrs | F15: 70 | H15: Día 2 | I15: 11
A16: =B16&I16 -> 600212 | B16: 6002 | C16: Toluca de Lerdo | D16: 14:30 hrs | E16: 16:30 hrs | F16: 70 | G16: 24 | H16: Día 2 | I16: 12
A17: =B17&I17 -> 603413 | B17: 6034 | C17: Toluca de Lerdo | D17: 15:30 hrs | E17: 18:30 hrs | F17: 70 | G17: 24 | H17: Día 2 | I17: 13
A18: =B18&I18 -> 602214 | B18: 6022 | C18: Ojo de Agua (Tecámac) | D18: 08:00 hrs | E18: 12:00 hrs | F18: 70 | G18: 24 | H18: Día 3 | I18: 14
A19: =B19&I19 -> 603315 | B19: 6033 | C19: Ojo de agua (Tecámac) | D19: 09:00 hrs | E19: 13:00 hrs | F19: 70 | G19: 24 | H19: Día 3 | I19: 15
A20: =B20&I20 -> 604216 | B20: 6042 | C20: Ecatepec de Morelos | D20: 10:00 hrs | E20: 13:30 hrs | F20: 50 | G20: 10 | H20: Día 3 | I20: 16
A21: =B21&I21 -> 600817 | B21: 6008 | C21: Ecatepec de Morelos | D21: 11:00 hrs | E21: 15:00 hrs | F21: 50 | G21: 10 | H21: Día 3 | I21: 17
A22: =B22&I22 -> 601518 | B22: 6015 | C22: Ixtlahuaca de Rayón | D22: 12:00 hrs | E22: 14:30 hrs | F22: 70 | G22: 24 | H22: Día 3 | I22: 18
A23: =B23&I23 -> 604518 | B23: 6045 | C23: Barrio la Cabecera 3a Sección (Almoloya de Juárez) | D23: 13:00 hrs | E23: 16:00 hrs | F23: 70 | H23: Día 3 | I23: 18
A24: =B24&I24 -> 603619 | B24: 6036 | C24: San Miguel Zinacantepec | D24: 14:00 hrs | E24: 17:30 hrs | F24: 70 | G24: 24 | H24: Día 3 | I24: 19
A25: =B25&I25 -> 603519 | B25: 6035 | C25: Metepec | D25: 15:00 hrs | E25: 19:00 hrs | F25: 70 | H25: Día 3 | I25: 19
A26: =B26&I26 -> 602322 | B26: 6023 | C26: Texcoco de Mora | D26: 08:00 hrs | E26: 12:30 hrs | F26: 70 | G26: 24 | H26: Día 4 | I26: 22
A27: =B27&I27 -> 603922 | B27: 6039 | C27: Tepexpan (Acolman) | D27: 09:00 hrs | E27: 13:00 hrs | F27: 70 | H27: Día 4 | I27: 22
A28: =B28&I28 -> 603720 | B28: 6037 | C28: Tlalnepantla de Baz | D28: 10:00 hrs | E28: 13:30 hrs | F28: 70 | G28: 24 | H28: Día 4 | I28: 20
A29: =B29&I29 -> 601821 | B29: 6018 | C29: Tlalnepantla de Baz | D29: 11:00 hrs | E29: 14:30 hrs | F29: 70 | G29: 24 | H29: Día 4 | I29: 21
A30: =B30&I30 -> 601423 | B30: 6014 | C30: Jilotepec de Andrés Molina Enríquez | D30: 12:00 hrs | E30: 16:00 hrs | F30: 70 | G30: 24 | H30: Día 4 | I30: 23
A31: =B31&I31 -> 601323 | B31: 6013 | C31: Atlacomulco de Fabela | D31: 13:00 hrs | E31: 18:30 hrs | F31: 70 | H31: Día 4 | I31: 23
A32: =B32&I32 -> 600424 | B32: 6004 | C32: Lerma de Villada | D32: 14:00 hrs | E32: 17:00 hrs | F32: 70 | G32: 24 | H32: Día 4 | I32: 24
A33: =B33&I33 -> 601724 | B33: 6017 | C33: Huixquilucan de Degollado | D33: 15:00 hrs | E33: 19:30 hrs | F33: 70 | H33: Día 4 | I33: 24
A34: =B34&I34 -> 600125 | B34: 6001 | C34: Chalco de Díaz Covarrubias | D34: 08:00 hrs | E34: 12:00 hrs | F34: 70 | G34: 24 | H34: Dia 5 | I34: 25
A35: =B35&I35 -> 602726 | B35: 6027 | C35: Valle de Chalco Solidaridad | D35: 09:00 hrs | E35: 13:00 hrs | F35: 50 | G35: 10 | H35: Dia 5 | I35: 26
A36: =B36&I36 -> 604427 | B36: 6044 | C36: Nicolás Romero | D36: 10:00 hrs | E36: 13:30 hrs | F36: 50 | G36: 10 | H36: Dia 5 | I36: 27
A37: =B37&I37 -> 601628 | B37: 6016 | C37: Ciudad Adolfo López Mateos | D37: 11:00 hrs | E37: 15:30 hrs | F37: 70 | G37: 24 | H37: Dia 5 | I37: 28
A38: =B38&I38 -> 601928 | B38: 6019 | C38: Santa María Tultepec | D38: 12:00 hrs | E38: 17:00 hrs | F38: 70 | H38: Dia 5 | I38: 28
A39: =B39&I39 -> 601029 | B39: 6010 | C39: Valle de Bravo | D39: 13:00 hrs | E39: 16:30 hrs | F39: 50 | G39: 10 | H39: Dia 5 | I39: 29
A40: =B40&I40 -> 600930 | B40: 6009 | C40: Tejupilco de Hidalgo | D40: 14:00 hrs | E40: 17:00 hrs | F40: 50 | G40: 10 | H40: Dia 5 | I40: 30
A41: =B41&I41 -> 600731 | B41: 6007 | C41: Tenancingo de Degollado | D41: 15:00 hrs | E41: 19:30 hrs | F41: 70 | G41: 24 | H41: Dia 5 | I41: 31
A42: =B42&I42 -> 602931 | B42: 6029 | C42: Tianguistenco de Galeana | D42: 16:00 hrs | E42: 21:30 hrs | F42: 70 | H42: Dia 5 | I42: 31
A43: =B43&I43 -> 602532 | B43: 6025 | C43: CD. Nezahualcóyotl | D43: 08:00 hrs | E43: 12:00 hrs | F43: 70 | G43: 24 | H43: Día 6 | I43: 32
A44: =B44&I44 -> 602433 | B44: 6024 | C44: CD. Nezahualcóyotl | D44: 09:00 hrs | E44: 13:00 hrs | F44: 70 | G44: 24 | H44: Día 6 | I44: 33
A45: =B45&I45 -> 603834 | B45: 6038 | C45: Coacalco de Berriozábal | D45: 10:00 hrs | E45: 15:00 hrs | F45: 70 | G45: 24 | H45: Día 6 | I45: 34
A46: =B46&I46 -> 601134 | B46: 6011 | C46: Tultitlán de Mariano Escobedo | D46: 11:00 hrs | E46: 17:00 hrs | F46: 70 | H46: Día 6 | I46: 34
